{
    "loss": 4.67983865737915,
    "accuracy": 0.7058823704719543
}